id,day,weight,gender,adrenal,liver,heart,appendix,femstate,gonfat,bat,sulcer,kmethod,tail,blength,place,intestine,year,ADWBWind,gonind
rat1,67,22,1,10,0.8,0.112,0.3,4,0,0.041,1,3,7.5,10.5,2, ,5,0.454545454545455,0
rat2,251,182,1,55,1.9,0.8,1.6,4,4.2,0.135,3,3,13,19.5,1, ,3,0.302197802197802,1.64865862558738
rat3,230,37.5,1,24.5,1.92,0.23,0.78,4,0,0.055,2,1,9.5,10.5,3,82,8,0.653333333333333,0
rat4,261,45,2,11.7,2.13,0.25,4.73, ,13.2,0.098,1,1,10,11.5,9, ,2,0.26,2.65324196460722
rat5,262,43,1,21.5,2.26,0.23,0.93,4,0,0.081,1,1,9,12.5,3,85,8,0.5,0
rat6,169,40,1,23,2.29,0.26,0.56,4,0,0.117,2,1,9.5,11.5,3,90,7,0.575,0
rat7,230,50,2,30.5,2.34,0.24,0.4, ,0.14,0.071,2,1,9.5,11.5,3,86,8,0.61,0.131028262406404
rat8,261,48,2,20.4,2.41,0.28,0.49, ,0.089,0.148,1,1,11,12.5,9, ,2,0.425,0.085259843950823
rat9,162,46,1,20,2.64,0.27,0.65,4,0,0.062,1,1,10.5,12,3,91,8,0.434782608695652,0
rat10,169,53,1,34,2.74,0.26,0.98,4,0,0.071,1,1,9.4,13,3,91,7,0.641509433962264,0
rat11,217,46,2,22,2.79,0.22,0.6, ,0.057,0.059,1,1,9.8,11.5,3,100,8,0.478260869565217,0.055434706888101
rat12,339,46,1,26.7,2.86,0.21,0.49, ,0,0.029,4,1,10.5,12.5,3,124,6,0.580434782608696,0
rat13,177,47,2,37,2.91,0.22,1.17, ,0,0.07,2,1,9.1,12,3,87,8,0.787234042553192,0
rat14,177,58,2,26.5,3,0.304,0.61, ,0,0.094,1,1,10,11.5,3,96,8,0.456896551724138,0
rat15,261,59,1,18.5,3,0.3,1.2,4,0,0.074,1,1,11.5,13,9, ,2,0.313559322033898,0
rat16,196,54,2,15,3.07,0.29,2.67, ,0.058,0.053,2,1,9,13,3,88,8,0.277777777777778,0.056380333436108
rat17,258,58.5,2,57,3.13,0.3,0.79, ,0.13,0.164,2,1,10.5,13,3,80,8,0.974358974358974,0.122217632724249
rat18,166,63,2,20,3.3,0.4,1.2, ,0.176,0.135,1,1,10.5,14,1, ,3,0.317460317460317,0.162118849476435
rat19,162,58,2,20,3.43,0.33,1.34, ,0,0.071,1,1,11,13,3,105,8,0.344827586206897,0
rat20,240,60,2,30,3.44,0.34,0.89, ,0,0.071,1,1,10.5,13,3,94,7,0.5,0
rat21,177,56,2,42,3.49,0.36,0.61, ,0,0.055,1,1,11,12.5,3,114,8,0.75,0
rat22,261,75,1,20,3.73,0.35,1.31,4,0.12,0.13,1,1,12.5,14.5,9, ,2,0.266666666666667,0.113328685307003
rat23,253,27.5,2,24, , , , ,0,0.054,1,3,7.5,10,3, ,6,0.872727272727273,0
rat24,81,55.9,2,34,3.9,0.4,0.9, ,0.05,0.272,3,3,9.5,13,2, ,5,0.608228980322004,0.048790164169432
rat25,354,79.6,2,56,3.9,0.527,1.6, ,0,0.252,5,3,10.5,15.5,2, ,4,0.703517587939699,0
rat26,269,70.4,1,34,4,0.4,1,4,0,0.126,1,1,10.5,12.5,3,108,6,0.482954545454545,0
rat27,196,68,2,28.5,4.1,0.29,1.19, ,0.1,0.06,1,1,11,13.5,3,87.5,8,0.419117647058824,0.095310179804325
rat28,70,54,1,39,4.1,0.28,0.61,4,0,0.154,2,1,10.6,13,3,109,9,0.722222222222222,0
rat29,258,71,2,52,4.14,0.35,0.62, ,0.18,0.11,2,1,11,14,3,114,8,0.732394366197183,0.165514438477573
rat30,217,79,1,19.5,4.2,0.4,1.68,4,0,0.104,4,1,11,14.7,3,103,8,0.246835443037975,0
rat31,66,64.5,1,27.5,4.3,0.4,0.9,4,0,0.237,1,3,10.5,12.5,2, ,5,0.426356589147287,0
rat32,162,98,2,53.5,4.38,0.42,2.19, ,0,0.059,1,1,12.7,14,3,126,8,0.545918367346939,0
rat33,75,265,2,50, , , , ,2.33,0.315,1,1,17.4,20,4, , ,0.188679245283019,1.20297230399235
rat34,75,274,2,50.5, , , , ,3.23,0.431,1,1,16.8,20.3,4, , ,0.184306569343066,1.44220199305819
rat35,258,74,2,44.5,5.07,0.37,1.21, ,0.11,0.095,2,1,11,14,3,113,8,0.601351351351351,0.104360015324243
rat36,261,120,1,39.1,5.25,0.55,3.8,4,1.22,0.169,1,1,14.5,17.5,9, ,2,0.325833333333333,0.797507195884188
rat37,244,229,1,73.5,5.45,0.78,3.64,4,2.03,0.189,1,1,16.2,20,3,142,8,0.320960698689956,1.10856261952128
rat38,244,93,2,56.5,5.46,0.55,1.77, ,0.21,0.093,2,1,11.5,15,3,116,8,0.60752688172043,0.19062035960865
rat39,244,128,2,55.5,5.51,0.64,1.31, ,0.56,0.15,1,1,14.2,16.5,3,157,8,0.43359375,0.444685821261446
rat40,230,153,1,43.5,5.65,0.64,1.97,4,0.87,0.134,1,1,14,16,3,111,8,0.284313725490196,0.625938430866495
rat41,322,88,2,42,5.68,0.43,1.21, ,0,0.153,1,1,12.1,14,3,122,8,0.477272727272727,0
rat42,251,139,1,60,5.8,0.7,1.4,4,1.6,0.11,2,3,14.5,17.5,1, ,3,0.431654676258993,0.955511445027436
rat43,251,139,2,38,5.9,0.7,1.9, ,0.9,0.14,1,3,15,19,1, ,3,0.273381294964029,0.641853886172395
rat44,217,137,1,61,5.92,0.49,3.02,4,0.93,0.104,1,1,14.8,15,3,122,8,0.445255474452555,0.657520002916794
rat45,12,131.6,2,77.5,6.1,0.69,1.2, ,0.303,0.242,3,3,13.5,16.5,2, ,3,0.588905775075988,0.264669298142708
rat46,12,230.4,1,135.5,6.1,1,1.8,4,0,0.482,3,3,15,21,2, ,3,0.588107638888889,0
rat47,169,92,2,60,6.16,0.48,0.28, ,0,0.113,2,1,13.2,16,3,119,7,0.652173913043478,0
rat48,17,123.2,2,51.5,6.2,0.7,1.7, ,1.34,0.355,1,3,13.5,18,2, ,3,0.418019480519481,0.85015092936961
rat49,258,121,1,56.5,6.26,0.6,0.73,4,0.17,0.137,1,1,14.5,17,3,115,8,0.466942148760331,0.157003748809665
rat50,12,132.4,2,54,6.3,0.726,2.2, ,0.197,0.223,3,3,12.5,18,2, ,3,0.40785498489426,0.179818426575836
rat51,169,109,2,61.5,6.32,0.49,1.64, ,0.21,0.179,2,1,13.4,16,3,121,7,0.564220183486238,0.19062035960865
rat52,251,182,2,65,6.4,0.9,2.1, ,1.4,0.125,2,3,15.5,18.5,1, ,3,0.357142857142857,0.8754687373539
rat53,81,104.4,1,51.5,6.4,1.6,1,4,0,0.296,2,3,10,15,2, ,5,0.493295019157088,0
rat54,17,122.9,1,62,6.4,0.7,2.1,4,0,0.403,1,3,13,17,2, ,3,0.504475183075671,0
rat55,269,105.4,2,33.5,6.4,0.5,1.3, ,1.52,0.109,1,1,11.7,14.5,3,127,6,0.317836812144213,0.924258901523332
rat56,196,102,2,34.5,6.44,0.42,1.19, ,0.3,0.063,1,3,13.5,14.5,3,101,8,0.338235294117647,0.262364264467491
rat57,162,88,2,37,6.54,0.51,1.2, ,0,0.072,1,1,13,13.5,3,103,8,0.420454545454545,0
rat58,258,131,1,83,6.55,0.6,1.52,4,0,0.1,1,1,15.4,18,3,134,8,0.633587786259542,0
rat59,45,112,2,74,6.6,0.6,0.6, ,0.3,0.257,4,3,12.5,17,2, ,5,0.660714285714286,0.262364264467491
rat60,177,130.6,2,85,6.6,0.7,1.1, ,0.2,0.1,2,3,14.1,18.4,2, ,5,0.650842266462481,0.182321556793955
rat61,177,113,2,73,6.68,0.83,2.31, ,0,0.056,1,1,15.2,16.5,3,119,8,0.646017699115044,0
rat62,83,90.2,1,44,6.7,0.4,1.2,4,0,0.339,2,3,11,15.5,2, ,5,0.48780487804878,0
rat63,81,63.4,2,47,6.7,0.5,1.3, ,0.05,0.216,2,3,10,14,2, ,5,0.741324921135647,0.048790164169432
rat64,66,120,2,55,6.7,0.5,2, ,0.2,0.293,4,3,12.5,16.5,2, ,5,0.458333333333333,0.182321556793955
rat65,177,124,1,48,6.82,0.59,1.58,4,0,0.336,2,1,13.2,16,3,118,8,0.387096774193548,0
rat66,230,236,2,83,6.89,0.84,3.77, ,2.2,0.188,2,1,15.6,18.5,3,129,8,0.351694915254237,1.16315080980568
rat67,82,82.2,2,44.4,6.9,0.6,1.6, ,0,0.354,2,3,10.5,13.5,2, ,5,0.54014598540146,0
rat68,127,244,2,44.5,6.96,1.03,3.03, ,0.71,0.222,4,1,15.2,20,3,107,7,0.182377049180328,0.536493370514568
rat69,166,208,2,33.5,7,0.999,1.8, ,2.2,0.233,1,3,15.3,21,1, ,3,0.161057692307692,1.16315080980568
rat70,16,185.1,1,66.5,7,0.8,1.7,4,0,0.357,1,3,16,20.5,2, ,3,0.359265262020529,0
rat71,261,196,1,51,7,0.64,3.13,4,6.8,0.263,1,1,14.2,20.4,9, ,2,0.260204081632653,2.05412373369555
rat72,221,151,2,62,7.06,0.73,2.32, ,0.29,0.165,1,1,14.5,17,3,117,7,0.410596026490066,0.254642218373581
rat73,16,146.6,2,52,7.1,0.8,1.9, ,0,0.287,1,3,14,19,2, ,3,0.354706684856753,0
rat74,196,104,1,52,7.12,0.5,1.17,4,0,0.175,2,1,12.3,14.5,3,120,8,0.5,0
rat75,196,131,2,52.5,7.15,0.38,2.34, ,0,0.083,1,3,14,15.5,3,133,8,0.400763358778626,0
rat76,167,170,1,40,7.3,0.74,1.9,4,3.3,0.52,1,1,15.5,20,1, ,3,0.235294117647059,1.45861502269952
rat77,175,149.5,2,10,7.3,0.8,1.6, ,0.4,0.3,1,3,14.6,19.2,2, ,5,0.066889632107023,0.336472236621213
rat78,262,132,1,63,7.33,0.6,1.89,1,0.5,0.205,1,1,13.6,16.5,3,114,8,0.477272727272727,0.405465108108164
rat79,66,195.9,1,121.5,7.4,1.1,1.9,4,0,0.178,4,3,15,22.5,2, ,5,0.620214395099541,0
rat80,196,140,2,72.5,7.47,0.73,2.43, ,0.43,0.148,2,3,14.8,17,3,135,8,0.517857142857143,0.357674444271816
rat81,81,88.7,1,50,7.5,0.5,1.4,4,0,0.23,3,3,10.5,15,2, ,5,0.56369785794814,0
rat82,169,116,1,80,7.61,0.54,2.47,4,0.34,0.133,4,1,13.9,17,3,128,7,0.689655172413793,0.29266961396282
rat83,177,130,1,46,7.69,0.52,2.01,4,0,0.166,1,1,13.2,16.5,3,113,8,0.353846153846154,0
rat84,166,152,1,44,7.7,0.71,2.2,4,2.2,0.145,1,3,13,18.5,1, ,3,0.289473684210526,1.16315080980568
rat85,244,187,1,83,7.75,0.73,4.25,4,0.45,0.151,1,1,15.1,19.5,3,146,8,0.443850267379679,0.371563556432483
rat86,16,142.8,1,60,7.8,0.7,4.3,4,0,0.362,1,3,14,17.5,2, ,3,0.420168067226891,0
rat87,191,184,2,100,7.9,0.8,1.9, ,0.8,0.2,1,3,16.8,19.7,2, ,5,0.543478260869565,0.587786664902119
rat88,230,134,1,61,7.93,0.59,1.83,4,0,0.187,1,1,14.3,16.5,3,122,8,0.455223880597015,0
rat89,177,116.5,1,77.5,7.99,0.42,1.98,4,0,0.141,1,1,12.8,14.5,3,124,8,0.665236051502146,0
rat90,178,143.7,1,90,8,0.5,2.3,4,0,0.1,2,3,13.9,17.2,2, ,5,0.626304801670146,0
rat91,0,270,1,45.5,8.25,0.71,7.12,4,7.72,0.532,1,4,18.2,21,7,131, ,0.168518518518519,2.16561923792089
rat92,177,149,1,84,8.28,0.58,1.95,4,0,0.167,2,1,13.5,17.5,3,125,8,0.563758389261745,0
rat93,230,175,2,90,8.28,0.6,2.05, ,1,0.107,1,1,15.1,18,3,134,8,0.514285714285714,0.693147180559945
rat94,171,147,1,60,8.3,0.7,2.1,4,0,0.12,1,3,13.7,17,2, ,5,0.408163265306122,0
rat95,258,188,1,67.5,8.38,0.72,3.02,4,0.52,0.089,1,1,16,19,3,134,8,0.359042553191489,0.418710334858185
rat96,64,156,1,70.5,8.43,0.67,4.48,4,0.37,0.168,1,1,15.5,19.5,3,141,7,0.451923076923077,0.314810739840034
rat97,196,133,1,61,8.47,0.65,2.06,4,0.56,0.283,1,1,14.5,16.5,3,125,8,0.458646616541353,0.444685821261446
rat98,167,220,1,90,8.5,1.1,2.3,1,3.2,0.15,2,3,14.5,20,1, ,3,0.409090909090909,1.43508452528932
rat99,16,210.7,2,99.5,8.5,1.1,3.2, ,1.2,0.451,2,3,15.5,21,2, ,3,0.472235405790223,0.78845736036427
rat100,169,126,2,44,8.5,0.65,2.37, ,0.49,0.12,1,1,14,16.5,3,117,7,0.349206349206349,0.398776119957368
rat101,148,199,2,53,8.57,0.93,3.92, ,1.78,0.314,1,1,15.8,19,3,137,8,0.266331658291457,1.02245092770255
rat102,166,254,2,39.5,8.6,1,1.3, ,6.1,0.383,1,3,15.5,21.5,1, ,3,0.155511811023622,1.96009478404727
rat103,56,209,1,70,8.6,1.2,3.6,4,0,0.224,1,1,14,20,1, ,4,0.334928229665072,0
rat104,45,198.3,1,118,8.6,1,2.9,4,0,0.365,4,3,14.5,19.5,2, ,5,0.59505799293999,0
rat105,196,179,1,81.5,8.62,0.68,4.29,4,1,0.219,1,1,15.1,18,3,150,8,0.455307262569832,0.693147180559945
rat106,0,253,1,88.5,8.64,0.81,5.77,4,14.48,0.198,1,4,16.8,20.5,8,136, ,0.349802371541502,2.73954886816158
rat107,0,303,1,51.5,8.68,0.88,4.08,4,6.36,0.544,1,4,16.4,21.5,6,122, ,0.16996699669967,1.99605993274078
rat108,172,145.1,2,70,8.7,0.6,2.1, ,0.2,0.1,1,3,14.3,17.8,2, ,5,0.482425913163336,0.182321556793955
rat109,269,259.5,2,61,8.7,1.1,1, ,1.8,0.156,1,1,16.4,21,3,131.5,6,0.235067437379576,1.02961941718116
rat110,196,183,1,76.5,8.74,0.67,3.45,1,1.49,0.261,3,1,14.4,18.5,3,134,8,0.418032786885246,0.912282710476616
rat111,64,137,1,96,8.78,0.68,1.35,4,1.22,0.292,2,1,12.5,16.5,3,141,7,0.700729927007299,0.797507195884188
rat112,339,179,2,67.8,8.79,0.73,2.42, ,1.35,0.336,1,1,13.7,18,3,121,6,0.37877094972067,0.854415328156068
rat113,167,220,2,60,8.8,0.8,2.3, ,3,0.32,1,3,15,20,1, ,3,0.272727272727273,1.38629436111989
rat114,179,167.6,1,90,8.8,0.6,2.4,4,0,0.1,2,3,15.1,20,2, ,5,0.536992840095465,0
rat115,16,216.2,1,97.5,8.8,1.1,6,4,0,0.373,2,3,15.5,21,2, ,3,0.450971322849214,0
rat116,276,137,1,55,8.8,0.59,1.71,4,0,0.217,1,1,13.8,18.5,3,120,7,0.401459854014599,0
rat117,94,141,1,96,8.86,0.67,1.53,4,0,0.259,3,1,13.8,15.5,3,131,7,0.680851063829787,0
rat118,0,275,1,95,8.88,0.77,5.46,4,8.46,0.428,1,4,17.5,21,7,104, ,0.345454545454545,2.24707238306379
rat119,18,227,2,48,8.9,1.2,2.2, ,0,0.213,4,3,17,19.5,1, ,4,0.211453744493392,0
rat120,166,253,2,48,8.9,1004,1.3, ,3.3,0.201,4,3,16,22,1, ,3,0.189723320158103,1.45861502269952
rat121,217,177,1,60,8.92,0.64,4.27,4,0.66,0.18,1,1,14.5,17,3,136,8,0.338983050847458,0.506817602368452
rat122,230,225,2,75,8.93,0.78,2.59, ,0.93,0.153,2,1,17,19.5,3,148,8,0.333333333333333,0.657520002916794
rat123,230,183,2,97.5,8.95,0.68,3.01, ,0.84,0.19,2,1,16.4,19.5,3,147,8,0.532786885245902,0.609765571620894
rat124,169,146,1,63,8.99,0.69,2.52,4,0.7,0.205,1,1,14.3,16.5,3,134,7,0.431506849315069,0.53062825106217
rat125,261,174,2,9.1,9,1.25,2.19, ,0,0.409,1,1,15,19.5,9, ,2,0.052298850574713,0
rat126,261,239,1,47,9,0.78,4.92,4,6.08,0.314,1,1,17.5,21,9, ,2,0.196652719665272,1.95727390770563
rat127,261,214,1,48,9,0.73,3.58,4,4.33,0.49,2,1,16.2,20.8,9, ,2,0.224299065420561,1.67335123817775
rat128,261,184,1,55,9,0.7,4.73,1,2.05,0.231,1,1,16.5,19.5,9, ,2,0.298913043478261,1.11514159061932
rat129,261,176,1,55,9,0.55,3.25,4,4.66,0.417,1,1,14.5,20,9, ,2,0.3125,1.73342389221509
rat130,261,155,1,68,9,0.55,3.19,4,1.6,0.187,1,1,15,18,9, ,2,0.438709677419355,0.955511445027436
rat131,261,148,2,77,9,0.57,1.83, ,0.144,0.158,1,1,16.5,17.5,9, ,2,0.52027027027027,0.134530892957606
rat132,244,208,1,85,9.02,0.87,3.89,4,1.77,0.228,1,1,16,19.5,3,141,8,0.408653846153846,1.01884732019925
rat133,169,204,2,79,9.06,0.77,3.61, ,1.24,0.17,1,1,16.5,18.5,3,145,7,0.387254901960784,0.806475865866949
rat134,174,169.5,2,82,9.1,0.6,1.1, ,1,0.3,1,3,15.6,19.5,2, ,5,0.48377581120944,0.693147180559945
rat135,12,229,1,111,9.1,1,1.6,4,0,0.431,1,3,16,21.5,2, ,3,0.48471615720524,0
rat136,251,175,2,70,9.2,0.9,2, ,1.6,0.15,1,3,15.5,20.5,1, ,3,0.4,0.955511445027436
rat137,166,211,1,74.5,9.2,0.9,2.5,1,3.6,0.3,1,1,15.5,20.5,1, ,3,0.353080568720379,1.52605630349505
rat138,19,179.8,2,102.6,9.2,0.9,1.3, ,1,0.337,3,3,15,19,2, ,3,0.5706340378198,0.693147180559945
rat139,148,286,2,85.5,9.21,1.01,2.96, ,2.54,0.46,2,1,16.5,20,3,147,8,0.298951048951049,1.26412672714568
rat140,196,101,1,38,9.22,0.42,2.44,4,0,0.113,1,1,12.4,14.5,3,117,8,0.376237623762376,0
rat141,251,224,1,90,9.3,1,2.9,1,3.5,0.2,4,3,16,19.5,1, ,3,0.401785714285714,1.50407739677627
rat142,83,128.5,1,56,9.3,0.8,1.7,4,0,0.313,1,3,12.5,17,2, ,5,0.43579766536965,0
rat143,177,137,2,62,9.31,0.58,1.67, ,0.43,0.178,1,1,13.6,16,3,112,8,0.452554744525547,0.357674444271816
rat144,0,332,1,79.5,9.38,0.98,4.72,4,16.56,0.622,1,4,18.4,21.5,7,140, ,0.239457831325301,2.86562358820697
rat145,70,232,2,54,9.4,0.8,3.3, ,2.3,0.58,1,1,16.9,20.5,3,133,9,0.232758620689655,1.19392246847243
rat146,196,192,1,69.5,9.42,0.86,2.84,2,0.62,0.339,1,1,15.5,18.5,3,159,8,0.361979166666667,0.482426149244293
rat147,169,238,2,85,9.43,0.92,4.6, ,1.66,0.355,1,1,16.6,21.5,3,148,7,0.357142857142857,0.978326122793608
rat148,16,200.5,1,113.5,9.5,1.1,2.1,4,0,0.326,3,3,16,20.5,2, ,3,0.566084788029925,0
rat149,45,156.5,1,121,9.5,0.8,2.4,4,0,0.388,2,3,14,19.5,2, ,5,0.773162939297125,0
rat150,148,141,2,54,9.59,0.66,2.8, ,0.7,0.209,1,1,14.5,16,3,124,8,0.382978723404255,0.53062825106217
rat151,251,233,2,40,9.6,1.1,1.6, ,3.1,0.175,1,3,17,22,1, ,3,0.171673819742489,1.41098697371026
rat152,126,158,1,82.5,9.6,0.717,1.8,4,0.43,0.199,1,3,13,18,1, ,5,0.522151898734177,0.357674444271816
rat153,167,222,1,90,9.6,1,2.1,3,2.6,0.39,3,3,14.5,20.5,1, ,3,0.405405405405405,1.28093384546206
rat154,82,136.4,2,48,9.6,0.7,1.4, ,0,0.254,1,3,13.5,16,2, ,5,0.351906158357771,0
rat155,276,189,2,91.5,9.6,0.73,3.35, ,1.22,0.318,1,1,14.9,19.5,3,139,7,0.484126984126984,0.797507195884188
rat156,64,264,2,78.5,9.63,1.28,2.97, ,3.14,0.398,1,1,17.1,21,3,127,7,0.297348484848485,1.42069578783722
rat157,221,111,1,49,9.66,0.48,2.49,4,0,0.155,1,1,13.5,15,3,112,7,0.441441441441441,0
rat158,177,154,1,72,9.79,0.74,1.93,4,0,0.261,2,1,13.9,17.5,3,138,8,0.467532467532468,0
rat159,56,281,1,154,9.8,1.5,4.5,4,0,0.6616,2,1,18,22,1, ,4,0.548042704626335,0
rat160,172,170.3,2,100,9.8,0.8,1.5, ,0.7,0.2,4,3,13.7,20.4,2, ,5,0.587199060481503,0.53062825106217
rat161,162,307,2,50.5,9.91,0.99,5.06, ,2.3,0.325,1,1,16.5,21,3,120,8,0.164495114006515,1.19392246847243
rat162,169,358,2,106,9.93,1.41,4.52, ,1.96,0.524,1,1,17.5,22.5,3,153,7,0.29608938547486,1.08518926833597
rat163,167,192,2,60,10,0.92,2, ,9.9,0.19,2,3,15,20,1, ,3,0.3125,2.3887627892351
rat164,17,165.6,2,82,10,0.8,2.4, ,1.1,0.237,1,3,14.5,18.5,2, ,3,0.495169082125604,0.741937344729377
rat165,169,287,2,95,10,1.02,2.84, ,1.81,0.295,1,1,16.5,21.5,3,121,7,0.331010452961672,1.03318448334565
rat166,261,272,1,85,10,0.96,4.56,1,6.73,0.408,1,1,17,23,9, ,2,0.3125,2.04510886259933
rat167,261,307,1,98.5,10,1.08,2.71,4,2.49,0.406,1,1,17,22.5,9, ,2,0.320846905537459,1.24990173621434
rat168,250,315,2,70,10.1,1.6,1.9, ,2.7,0.25,1,3,17,24,1, ,3,0.222222222222222,1.30833281965018
rat169,169,288,2,112,10.12,1.08,2.51, ,4.07,0.326,1,1,16.6,22.5,3,142,7,0.388888888888889,1.62334081760309
rat170,250,204,1,50,10.2,0.9,3.1,4,2.4,0.245,3,3,17,19,1, ,3,0.245098039215686,1.22377543162212
rat171,166,230,1,87,10.2,1.3,4.2,1,4.5,0.229,1,3,14.5,22,1, ,3,0.378260869565217,1.70474809223843
rat172,250,256,1,140,10.3,1,2.2,1,4.4,0.32,3,3,17,21,1, ,3,0.546875,1.68639895357023
rat173,0,273,1,78,10.34,0.97,6.79,4,5.43,0.482,1,4,17.5,20.5,6,146, ,0.285714285714286,1.86097453824953
rat174,244,242,1,85,10.35,0.83,3.14,3,3.42,0.273,1,1,17,20,3,134,8,0.351239669421488,1.48613969608961
rat175,0,350,1,86,10.38,0.82,7.99,4,17.56,0.717,2,4,17.4,21.5,8,135, ,0.245714285714286,2.92100872735805
rat176,17,261.6,2,87.5,10.4,1.2,2.3, ,1.1,0.402,1,3,15,23,2, ,3,0.334480122324159,0.741937344729377
rat177,30,270,1,105,10.4,1.24,3.18,4,1.85,0.48,1,1,16,20,3,136,7,0.388888888888889,1.04731899428056
rat178,177,175,1,91.5,10.42,0.64,3.63,4,0,0.368,1,1,15.6,18,3,136,8,0.522857142857143,0
rat179,82,224.9,1,141.1,10.5,0.9,3,1,0,0.228,4,3,15,23,2, ,5,0.627389951089373,0
rat180,192,212.4,1,170,10.5,0.7,2.5,4,0,0.4,2,3,15.7,20.4,2, ,5,0.800376647834275,0
rat181,0,397,1,63,10.5,1.04,7.41,4,26.49,0.97,1,4,17.9,22,7,142, ,0.158690176322418,3.31382230217715
rat182,0,359,1,87.5,10.54,0.99,8.2,4,26.6,0.685,1,4,18.1,22,6,138, ,0.243732590529248,3.3178157727231
rat183,12,26.7,2,6.76,10.6,1.1,3.7, ,2.3,0.564,3,3,16.5,23,2, ,3,0.253183520599251,1.19392246847243
rat184,184,286.3,2,220,10.6,1,3, ,2.2,0.2,2,3,17,20,2, ,5,0.768424729304925,1.16315080980568
rat185,0,364,1,77.5,10.69,0.97,7.53,4,13.45,0.772,1,4,17.8,20.5,7,126, ,0.212912087912088,2.67069441455844
rat186,16,263.6,2,114.5,10.7,0.9,3.8, ,2,0.608,1,3,15.5,21.5,2, ,3,0.434370257966616,1.09861228866811
rat187,0,324,1,63.5,10.75,0.82,5.72,4,7,0.764,1,4,18.2,20.5,7,138, ,0.195987654320988,2.07944154167984
rat188,0,366,1,65,10.75,0.87,6.32,4,25.09,0.821,1,4,17.2,22,7,120, ,0.177595628415301,3.26155209914864
rat189,79,292,2,79.9, , , , ,1.54,0.969,1,1,14.2,20.3,5, , ,0.273630136986301,0.932164081030445
rat190,79,269,2,84.4, , , , ,1.56,1.148,1,1,15.6,20.7,5, , ,0.313754646840149,0.940007258491471
rat191,70,215,2,69.5,10.8,1.1,3.8, ,2.6,0.396,1,1,14.4,19,3,136,9,0.323255813953488,1.28093384546206
rat192,0,367,1,90,10.8,0.84,7.81,4,10.82,0.601,1,4,17.1,21.5,7,130, ,0.245231607629428,2.46979301197795
rat193,196,123,2,62,10.82,0.44,1.16, ,0.3,0.173,1,1,13.6,15.5,3,130,8,0.504065040650406,0.262364264467491
rat194,135,252,2,46,10.84,1.17,2.1, ,1.23,0.452,1,1,15.5,21.5,3,138,8,0.182539682539683,0.802001585472027
rat195,169,320,2,58.5,10.84,1.24,4.43, ,1.5,0.313,1,1,16.5,20.5,3,138,7,0.1828125,0.916290731874155
rat196,30,201,2,78,10.89,1.05,4.03, ,0.93,0.35,5,1,15.8,19,3,136,7,0.388059701492537,0.657520002916794
rat197,251,312,2,60,10.9,1.3,1.6, ,5.6,0.225,1,3,16.5,21.5,1, ,3,0.192307692307692,1.88706964903238
rat198,258,248,1,102.5,10.95,0.85,2.48,1,3.28,0.149,1,1,15.5,20,3,142,8,0.413306451612903,1.45395300959371
rat199,167,221,2,30,11,0.9,1.6, ,3.2,0.42,1,1,15.5,20,1, ,3,0.135746606334842,1.43508452528932
rat200,60,231.5,1,126.2,11,1.1,3.4,1,0,0.177,4,3,16,21.5,2, ,5,0.545140388768898,0
rat201,261,205,1,62,11,0.78,3.81,1,2.17,0.26,1,1,16,20,9, ,2,0.302439024390244,1.15373158788919
rat202,261,214,1,70,11,0.64,3.3,4,1.79,0.282,1,1,17,20,9, ,2,0.327102803738318,1.02604159583327
rat203,261,214,1,72,11,0.74,3.6,4,7.35,0.235,1,1,16.5,20.5,9, ,2,0.336448598130841,2.12226153886276
rat204,261,307,2,75,11,1.3,3.01, ,2.95,0.591,1,1,18,22.5,9, ,2,0.244299674267101,1.37371557891303
rat205,0,367,1,82,11.05,0.85,7.93,4,17.04,0.599,1,4,17.3,21.5,6,134, ,0.223433242506812,2.89259151463448
rat206,127,226,2,71.5,11.08,1.03,2.64, ,1.31,0.462,1,1,16,19.3,3,152,7,0.316371681415929,0.837247524533702
rat207,258,199,2,115,11.1,0.61,4.45, ,1.77,0.236,2,1,15.2,18.5,3,137,8,0.577889447236181,1.01884732019925
rat208,0,330,1,61.5,11.11,0.82,7.53,4,17.71,0.691,1,4,17.5,21.5,8,122, ,0.186363636363636,2.929058140286
rat209,0,370,1,66,11.15,1.06,8.8,4,15.74,0.696,1,4,18.4,22,7,130, ,0.178378378378378,2.81780106506133
rat210,127,239,2,54,11.24,1.14,2.19, ,2.42,0.343,1,1,15.5,20.5,3,110,7,0.225941422594142,1.22964055107451
rat211,135,311,2,50,11.25,1.25,4.15, ,4.36,0.598,1,1,16.8,22,3,138,8,0.160771704180064,1.67896397508271
rat212,196,221,1,75,11.25,0.74,4.79,4,1.76,0.094,1,1,15,20,3,130,8,0.339366515837104,1.01523067972906
rat213,0,385,1,101.5,11.26,0.96,5.61,4,14.74,0.8,1,4,17.8,21.5,7,148, ,0.263636363636364,2.75620524298926
rat214,169,211,1,95.5,11.27,0.86,2.35,2,0.24,0.236,1,1,15.5,19.5,3,135,7,0.45260663507109,0.215111379616945
rat215,251,298,2,60,11.3,1.3,2.2, ,3.7,0.315,1,3,17,22.5,1, ,3,0.201342281879195,1.54756250871601
rat216,64,254,1,100,11.3,0.98,1.99,1,0.79,0.43,2,1,15.8,23.5,3,143.5,7,0.393700787401575,0.582215619852664
rat217,30,266,2,114.5,11.3,1.17,3.28, ,1.51,0.55,2,1,15.7,21,3,131,7,0.430451127819549,0.920282753143692
rat218,0,383,1,62,11.3,0.98,8.94,4,23.08,0.952,1,4,18.3,22.5,8,140, ,0.161879895561358,3.18138162044062
rat219,248,328,2,89.5,11.33,1.17,2.39, ,3.06,0.282,1,1,16.5,21.5,3,127,7,0.272865853658537,1.40118297361364
rat220,94,178,2,50,11.35,0.91,3.02, ,0.92,0.354,1,1,13.8,18,3,132,7,0.280898876404494,0.65232518603969
rat221,244,356,2,79,11.36,1.15,3.91, ,4.43,0.234,1,3,16.5,22,3,147,8,0.221910112359551,1.69193913394584
rat222,177,207,1,84.5,11.38,0.84,3.55,4,0,0.201,1,3,15.5,18,3,143,8,0.408212560386473,0
rat223,167,281,2,40,11.4,1.1,1.8, ,6.4,0.48,4,3,16,22.5,1, ,3,0.142348754448399,2.00148000021012
rat224,167,282,1,120,11.4,1.2,1.8,1,3.7,0.26,2,3,16.5,22.5,1, ,3,0.425531914893617,1.54756250871601
rat225,81,156.3,1,70.5,11.4,0.7,2.8,4,0,0.481,2,3,13,19,2, ,5,0.4510556621881,0
rat226,230,270,2,72.5,11.41,0.87,3.23, ,3.27,0.291,2,1,16.5,20.5,3,138,8,0.268518518518519,1.45161382724053
rat227,244,184,1,105.5,11.42,0.67,2.63,3,1.08,0.165,2,1,15.5,18,3,132,8,0.573369565217391,0.732367893713227
rat228,0,428,1,79.5,11.49,0.99,6.32,4,25.29,0.632,1,4,17.2,22.5,6,132, ,0.185747663551402,3.26918863874179
rat229,250,276,1,85,11.5,1,1.1,1,5.6,0.25,1,3,16.5,20.5,1, ,3,0.307971014492754,1.88706964903238
rat230,12,334,2,97.5,11.5,1.5,2.3, ,1.2,0.28,2,3,17.5,23,2, ,3,0.291916167664671,0.78845736036427
rat231,81,193.5,1,102,11.5,0.9,2.5,4,0,0.175,2,3,14,19.5,2, ,5,0.527131782945736,0
rat232,166,226,1,90,11.6,1.3,2.1,1,0.5,0.151,1,3,16.5,20.5,1, ,3,0.398230088495575,0.405465108108164
rat233,169,204,1,134,11.68,0.91,3.4,4,0.83,0.402,2,1,15.9,19.5,3,140,7,0.656862745098039,0.60431596685333
rat234,127,314,2,62,11.77,1.34,3.22, ,2.55,0.375,1,1,16.5,22,3,139,7,0.197452229299363,1.26694760348732
rat235,0,310,1,86.5,11.77,0.82,8.62,4,9.46,0.603,1,4,17.4,21,6,134, ,0.279032258064516,2.34755845863678
rat236,17,267.7,2,91,11.8,1.1,3.2, ,1,0.495,4,3,16,22,2, ,3,0.339932760552858,0.693147180559945
rat237,196,187,1,72,11.8,0.68,3.11,1,0.62,0.273,1,1,15,17,3,136,8,0.385026737967914,0.482426149244293
rat238,0,329,1,62,11.82,0.96,5,4,11.06,0.401,1,4,17.3,20.5,6,131, ,0.188449848024316,2.48989419129904
rat239,217,210,2,44.5,11.83,0.69,2.2, ,2.35,0.178,1,1,16,19,3,132,8,0.211904761904762,1.20896034583698
rat240,0,367,1,139,11.84,0.9,7.58,4,20.69,0.887,1,4,17.5,22,7,136, ,0.37874659400545,3.07685132483878
rat241,221,259,2,63.5,11.87,0.95,2.81, ,2.38,0.302,2,1,16.8,21.5,3,131,7,0.245173745173745,1.21787570949493
rat242,258,271,1,106,11.88,1.08,3.72,4,1.72,0.242,1,1,16,20,3,135,8,0.391143911439114,1.00063188030791
rat243,94,154,1,88.5,11.91,0.69,2.1,4,0.59,0.232,1,1,14.1,17,3,129,7,0.574675324675325,0.46373401623214
rat244,30,237,2,80,11.97,0.99,3.35, ,2.41,0.35,1,1,15.3,19,3,141.5,7,0.337552742616034,1.22671229129543
rat245,230,176,1,63.5,11.99,0.65,2.39,4,0.68,0.15,1,1,15.5,19,3,130,8,0.360795454545455,0.518793793415168
rat246,83,136.9,2,49.5,12,0.6,2.3, ,0,0.355,1,3,13,16,2, ,5,0.361577794010226,0
rat247,261,301,1,74,12,0.96,5.05,1,4.97,0.34,1,1,17,22.5,9, ,2,0.245847176079734,1.78674692740451
rat248,261,211,1,86,12,0.84,3.11,1,4.3,0.289,1,1,15.5,20,9, ,2,0.407582938388626,1.66770682055808
rat249,261,281,1,106,12,1.02,6.14,1,2.84,0.398,1,1,12,23.5,9, ,2,0.377224199288256,1.34547236659964
rat250,261,363,1,114,12,1.29,6.56,1,3.01,0.954,1,1,17,23.5,9, ,2,0.31404958677686,1.38879124131848
rat251,261,336,1,120,12,1.33,4.2,1,4.85,0.77,1,1,17.5,23,9, ,2,0.357142857142857,1.76644166124377
rat252,148,316,1,79,12.04,1.28,6.96,2,0.45,0.354,2,1,18,21,3,194,8,0.25,0.371563556432483
rat253,177,252,2,83.5,12.07,0.97,4.14, ,2.51,0.198,1,1,15.7,20,3,138,8,0.331349206349206,1.25561603747777
rat254,127,339,2,97.5,12.08,1.51,3.9, ,1.69,0.248,1,1,16,22.5,3,155,7,0.287610619469027,0.989541193613748
rat255,0,423,1,53,12.08,0.96,7.89,4,34.24,0.973,1,4,18.2,22,6,132, ,0.125295508274232,3.56218180106798
rat256,167,251,2,50,12.2,0.91,2.1, ,7.7,0.37,1,3,15.5,21.5,1, ,3,0.199203187250996,2.16332302566054
rat257,94,296,2,81.5,12.24,1.25,2.38, ,2.45,0.476,1,1,15.8,21.5,3,142,7,0.275337837837838,1.23837423104327
rat258,217,246,1,107.5,12.26,0.99,3.91,1,1.23,0.318,1,1,16.3,19,3,139,8,0.436991869918699,0.802001585472027
rat259,244,362,2,60,12.28,1.26,4.1, ,3.08,0.29,1,1,18,23,3,162,8,0.165745856353591,1.40609698841607
rat260,135,277,2,70,12.28,1.13,4.68, ,1.17,0.487,1,1,15.5,21,3,143,8,0.252707581227437,0.774727167552368
rat261,30,263,2,84,12.28,1.22,3.24, ,1.1,0.31,1,1,15,20,3,141,7,0.319391634980989,0.741937344729377
rat262,250,310,1,110,12.3,1.3,2.2,1,7.3,0.265,1,3,17.5,23,1, ,3,0.354838709677419,2.11625551480255
rat263,244,250,1,114,12.32,1.14,1.72,2,0.86,0.178,1,3,15.8,21,3,152,8,0.456,0.62057648772511
rat264,0,365,1,84.5,12.35,0.88,7.29,4,6.08,0.878,1,4,18.4,22,8,128, ,0.231506849315068,1.95727390770563
rat265,244,222,1,120,12.36,0.8,4.45,3,3.24,0.247,3,1,15.8,19.5,3,132,8,0.540540540540541,1.44456326924387
rat266,135,399,2,112.5,12.4,1.5,2.37, ,1.93,0.361,2,1,17,21.5,3,167,8,0.281954887218045,1.07500242302898
rat267,0,453,1,77.5,12.49,1.1,9.87,4,30.5,0.988,1,4,17.8,22.5,7,148, ,0.171081677704194,3.44998754583159
rat268,250,248,1,85,12.5,0.9,2.5,1,5.2,0.185,1,3,16.5,21,1, ,3,0.342741935483871,1.82454929205105
rat269,251,316,2,85,12.5,1.5,3.8, ,3.3,0.255,2,3,17.5,22.5,1, ,3,0.268987341772152,1.45861502269952
rat270,16,262.5,1,117.5,12.5,1.1,2.1,4,0,0.311,2,3,16,24,2, ,3,0.447619047619048,0
rat271,45,296.5,2,160,12.5,1.3,3.4, ,1.6,0.51,3,3,16,24,2, ,5,0.539629005059022,0.955511445027436
rat272,169,188,1,80,12.51,1.06,2.92,4,0.32,0.346,1,1,15.5,19,3,137,7,0.425531914893617,0.27763173659828
rat273,169,223,1,108,12.56,0.84,3.69,1,2.27,0.316,1,1,17.2,18.5,3,146,7,0.484304932735426,1.18478998490916
rat274,169,259,2,84,12.58,0.98,3.94, ,1.64,0.324,1,1,16.7,21,3,143,7,0.324324324324324,0.970778917158225
rat275,169,374,2,133,12.6,1.45,4.76, ,1.44,0.27,1,1,14.4,24,3,152,7,0.355614973262032,0.89199803930511
rat276,258,308,2,97.5,12.62,0.99,3.96, ,3.42,0.186,1,1,17.1,20.5,3,148,8,0.316558441558442,1.48613969608961
rat277,94,252,2,75,12.69,1.25,2.88, ,1.5,0.259,1,1,14.5,20.5,3,144,7,0.297619047619048,0.916290731874155
rat278,230,232,1,65,12.73,0.69,2.08,3,1.43,0.152,1,1,16.8,19,3,136,8,0.280172413793103,0.887891257352457
rat279,177,286,1,96.5,12.75,1.19,3.09,3,2.67,0.226,1,1,16.8,20,3,155,8,0.337412587412587,1.30019166206648
rat280,167,150,1,30,12.8,0.63,1.9,4,1.5,0.22,1,1,14.3,18.5,1, ,3,0.2,0.916290731874155
rat281,17,283.5,2,103.5,12.8,1.3,4.2, ,1.8,0.553,2,3,16,22.5,2, ,3,0.365079365079365,1.02961941718116
rat282,0,388,1,97,12.81,0.91,6.5,4,17.83,0.592,1,4,18.3,22.5,7,142, ,0.25,2.93545134266906
rat283,64,336,2,106,12.86,1.29,3.54, ,1.28,0.499,1,1,17,22,3,148,7,0.31547619047619,0.824175442966349
rat284,339,314,1,116.8,12.87,1.16,3.64,1,4.7,0.648,1,1,17.2,20.8,3,154.5,6,0.371974522292994,1.7404661748405
rat285,59,236.9,2,76,12.9,1,2.9, ,2.6,0.356,4,3,17,22.5,2, ,5,0.320810468552132,1.28093384546206
rat286,148,268,1,106,12.93,1.08,7.13,2,0,0.208,1,1,15.5,20.5,3,170,8,0.395522388059701,0
rat287,244,265,2,87,12.94,1.16,3.41, ,2.23,0.295,1,1,16,21,3,127,8,0.328301886792453,1.17248213723457
rat288,258,193.5,2,96,12.95,0.75,3.34, ,1.2,0.18,1,1,15.9,19,3,136,8,0.496124031007752,0.78845736036427
rat289,230,218,2,84.5,12.96,0.81,3.9, ,2.18,0.304,1,1,14.7,19,3,136,8,0.387614678899083,1.15688119679209
rat290,196,208,2,79,12.97,0.71,2.66, ,1.19,0.314,1,1,15.4,18.5,3,127,8,0.379807692307692,0.783901543828409
rat291,261,270,1,83,13,1.09,3.24,1,9.04,0.576,1,1,17,22,9, ,2,0.307407407407407,2.30657711426358
rat292,261,352,1,144,13,1.3,4.97,1,4.29,0.391,1,1,17,23,9, ,2,0.409090909090909,1.66581824587021
rat293,261,359,1,153,13,1.31,4.4,4,2.66,0.881,1,1,18,24,9, ,2,0.426183844011142,1.29746314741328
rat294,64,225,2,94,13.03,0.91,2.48, ,1.98,0.37,2,1,17,21.5,3,155,7,0.417777777777778,1.09192330051731
rat295,244,277,1,150,13.07,1.27,3.43,4,0.34,0.21,2,1,16.8,21.5,3,161,8,0.541516245487365,0.29266961396282
rat296,250,337,2,85,13.1,1.6,2.3, ,3.5,0.285,1,3,17.5,24.5,1, ,3,0.252225519287834,1.50407739677627
rat297,30,340,2,141,13.1,1.25,1.89, ,2.86,0.41,1,1,17.4,23,3,144,7,0.414705882352941,1.35066718347674
rat298,0,465,1,95.5,13.11,1.03,7.01,4,14.37,1.02,1,4,17.8,21.5,8,138, ,0.205376344086022,2.7324175575505
rat299,0,470,1,116,13.12,1.06,9.28,4,18.99,0.861,1,4,17.7,22.5,7,144, ,0.246808510638298,2.99523214851231
rat300,148,283,1,101.5,13.22,1.34,2.64,4,2.14,0.398,1,1,16,21522,3,145,8,0.358657243816254,1.14422279992016
rat301,0,405,1,65.5,13.26,1.02,8.04,4,19.13,0.807,1,4,17.1,21,8,138, ,0.161728395061728,3.0022112396517
rat302,0,348,1,93.5,13.37,1.19,5.76,4,7.62,0.301,1,4,17.8,22,8,152, ,0.26867816091954,2.1540850846756
rat303,244,240,2,92.5,13.41,0.82,4.89, ,1.79,0.356,2,1,16.2,20,3,146,8,0.385416666666667,1.02604159583327
rat304,127,224,1,85,13.45,1.01,4.29,4,0.44,0.191,1,1,12.5,20,3,138,7,0.379464285714286,0.364643113587909
rat305,244,307,2,104,13.48,1.07,7.53, ,1.54,0.267,1,1,17.8,22.5,3,148,8,0.338762214983713,0.932164081030445
rat306,67,353.3,2,99,13.5,1.3,5, ,2,0.436,2,3,18,25.5,2, ,5,0.280215114633456,1.09861228866811
rat307,81,237.2,2,121.5,13.5,1,2.4, ,2.1,0.394,2,3,14.5,20.5,2, ,5,0.512225969645869,1.1314021114911
rat308,230,253,1,128,13.51,0.9,3.41,1,2.49,0.275,1,1,17,19.5,3,146,8,0.505928853754941,1.24990173621434
rat309,127,302,2,58.5,13.53,1.72,2.99, ,1.08,0.38,1,1,16,21.5,3,150,7,0.193708609271523,0.732367893713227
rat310,230,295,1,171.5,13.54,0.87,4.01,1,7.78,0.372,3,1,16.4,21.5,3,152,8,0.58135593220339,2.17247640764703
rat311,217,263,2,56,13.56,1.04,2.56, ,2.3,0.362,1,1,16.5,20,3,132,8,0.212927756653992,1.19392246847243
rat312,230,378,2,99.5,13.56,1.19,3.66, ,3.17,0.49,1,3,17.2,22,3,133,8,0.263227513227513,1.42791603581071
rat313,0,383,1,84,13.6,1.02,9.35,4,19.68,0.639,1,4,17.6,22.5,8,146, ,0.219321148825065,3.02916704964023
rat314,135,342,1,140.5,13.62,1.38,4.13,3,4.69,0.274,1,1,18.5,23.5,3,174,8,0.410818713450292,1.73871024813824
rat315,127,266,1,116.5,13.63,1.11,6.19,1,0.68,0.539,1,1,15.5,20,3,166,7,0.43796992481203,0.518793793415168
rat316,166,226,1,104,13.7,1.2,2.8,1,3.3,0.139,1,3,17,22.5,1, ,3,0.460176991150442,1.45861502269952
rat317,30,265,1,123,13.7,1.01,4.01,4,1.17,0.37,1,1,16,21,3,122,7,0.464150943396226,0.774727167552368
rat318,244,245,1,129.5,13.72,0.94,2.45,3,2.42,0.183,3,1,16,20,3,140,8,0.528571428571429,1.22964055107451
rat319,94,410,2,49,13.79,1.94,5.91, ,2.16,0.48,5,1,18,23,3,158,7,0.119512195121951,1.15057202759882
rat320,251,382,2,100,13.8,2,2.6, ,3.8,0.33,1,3,17.5,24.5,1, ,3,0.261780104712042,1.56861591791385
rat321,250,330,1,130,13.8,1.7,2.3,1,4.6,0.185,1,3,17.5,24,1, ,3,0.393939393939394,1.7227665977411
rat322,12,279.5,2,98.5,13.8,1.1,2.2, ,1.4,0.42,1,3,16.5,22,2, ,3,0.352415026833631,0.8754687373539
rat323,221,394,2,78,13.8,1.43,4.92, ,2.47,0.62,1,1,17.4,23.5,3,148,7,0.197969543147208,1.24415459395877
rat324,127,355,2,66.5,13.87,1.72,2.71, ,2.12,0.295,1,1,17.5,22,3,155,7,0.187323943661972,1.13783300182139
rat325,221,226,1,103,13.9,0.81,2.41,2,0,0.243,1,1,17,21,3,146,7,0.455752212389381,0
rat326,127,292,2,67,13.96,1.91,6.29, ,0.61,0.477,1,1,16.8,22,3,161,7,0.229452054794521,0.476234178996372
rat327,94,264,1,122,13.98,1.24,3.67,3,2.74,0.351,1,1,15.3,20.5,3,166,7,0.462121212121212,1.31908561142644
rat328,261,319,1,85,14,1.2,4.82,1,5.43,0.261,1,1,16.5,22.5,9, ,2,0.266457680250784,1.86097453824953
rat329,261,275,1,146,14,0.86,4.5,1,0.89,0.354,3,1,16.5,22,9, ,2,0.530909090909091,0.636576829071551
rat330,127,276,2,76.5,14.04,1.21,5.55, ,1.7,0.404,1,1,17,21,3,124,7,0.277173913043478,0.993251773010283
rat331,64,397,2,99.5,14.05,1.62,3.81, ,3.72,0.428,1,1,17.8,23.5,3,150,7,0.250629722921914,1.55180879959746
rat332,0,425,1,85,14.06,1.07,5.38,4,50.69,0.874,1,4,18.5,21.5,8,134, ,0.2,3.94526433920795
rat333,162,314,1,150,14.07,1.1,4.81,2,0,0.486,1,1,17,22.5,3,165,8,0.477707006369427,0
rat334,248,348,2,69.5,14.09,1.46,4.24, ,2.29,0.231,1,1,17,21.5,3,140,7,0.199712643678161,1.19088756477728
rat335,94,317,1,149,14.18,1.5,3.53,3,0,0.31,1,1,18,21.5,3,162,7,0.470031545741325,0
rat336,64,256,1,167,14.18,1.27,2.73,4,1.65,0.41,2,1,15.5,20.5,3,151,7,0.65234375,0.974559639998131
rat337,166,313,1,147.5,14.2,1.4,4.2,4,7.5,0.334,4,3,17.5,23.5,1, ,3,0.471246006389776,2.14006616349627
rat338,70,414,2,76,14.2,1.8,3, ,4.7,1.054,1,3,17.5,23.5,3,153,9,0.183574879227053,1.7404661748405
rat339,70,366,2,92,14.2,1.6,3.6, ,3.1,0.67,1,3,17.5,22,3,125,9,0.251366120218579,1.41098697371026
rat340,339,412,2,105.1,14.24,1.58,2.95, ,2.52,0.364,1,1,18.8,22.5,3,150,6,0.255097087378641,1.25846098961001
rat341,196,356,1,150.5,14.27,1.12,3.24,1,4.79,0.269,1,1,15.7,21.5,3,162,8,0.422752808988764,1.7561322915849
rat342,167,233,1,130,14.3,1.1,2.2,1,0.001,0.23,3,3,15.5,20,1, ,3,0.55793991416309,0.000999500333083
rat343,127,310,2,86.5,14.33,1.25,3.2, ,2.03,0.394,1,1,16,22,3,130,7,0.279032258064516,1.10856261952128
rat344,162,285,1,88.5,14.34,1.1,4.85,2,0,0.396,1,1,16.5,22,3,184,8,0.310526315789474,0
rat345,230,268,1,100,14.35,1.06,3.71,1,4.31,0.272,1,1,16.8,19.5,3,155,8,0.373134328358209,1.66959183525385
rat346,217,330,2,111.5,14.39,1.04,4.13, ,3.73,0.295,1,3,18.3,21.5,3,136,8,0.337878787878788,1.55392520250384
rat347,250,319,1,150,14.4,1.4,2.7,1,1.8,0.01,2,3,16.5,23,1, ,3,0.470219435736677,1.02961941718116
rat348,70,269,2,68,14.4,1.4,3.5, ,3,0.557,1,1,17,21,3,141,9,0.252788104089219,1.38629436111989
rat349,339,403,2,95.7,14.6,1.8,4.1, ,2.43,0.22,1,1,18,22.8,3,134,6,0.237468982630273,1.23256026117785
rat350,148,339,2,88,14.62,1.2,4.28, ,3.11,0.26,1,1,16.8,22,3,148,8,0.259587020648968,1.41342302850814
rat351,64,262,1,91,14.65,1.04,3.33,1,2.11,0.413,1,1,15.7,21.5,3,149,7,0.347328244274809,1.13462272619114
rat352,244,211,1,106.5,14.66,0.74,2.71,3,2.22,0.178,1,1,15.5,20.5,3,142,8,0.504739336492891,1.16938135955632
rat353,169,252,1,114,14.67,1.07,3.71,4,3.55,0.59,1,1,15.6,21.5,3,146,7,0.452380952380952,1.51512723296286
rat354,127,300,2,57.5,14.68,1.36,3.61, ,1.09,0.329,1,1,16.5,21.5,3,144,7,0.191666666666667,0.73716406597672
rat355,90,319.8,2,125,14.7,1.6,2.5, ,0,0.242,1,3,17,19,2, ,5,0.390869293308318,0
rat356,70,322,1,126.5,14.8,1.4,4.6,4,0,0.532,2,3,16.8,20.5,3,152,9,0.392857142857143,0
rat357,127,384,2,92,14.81,2.02,4, ,1.95,0.352,4,1,17,23,3,156,7,0.239583333333333,1.08180517035173
rat358,127,344,1,155.5,14.82,1.59,4.25,2,0.79,0.402,1,1,16.5,21,3,174,7,0.45203488372093,0.582215619852664
rat359,276,215,1,116,14.84,1.03,2.56,4,0.54,0.302,2,1,13,19.5,3,137,7,0.53953488372093,0.431782416425538
rat360,64,310,1,142,14.85,1.09,2.57,1,3.8,0.581,1,1,16.7,21.6,3,157,7,0.458064516129032,1.56861591791385
rat361,244,264,1,99,14.87,1.1,4.63,4,1.09,0.24,1,1,17,19.5,3,172,8,0.375,0.73716406597672
rat362,166,227,1,106,14.9,1.2,3.5,1,0,0.113,3,3,15.5,21,1, ,3,0.466960352422908,0
rat363,64,313,2,76,14.95,1.44,2.78, ,2.8,0.711,1,1,17.2,23,3,163,7,0.242811501597444,1.33500106673234
rat364,127,333,2,119.5,14.95,1.77,2.6, ,1.98,0.523,1,1,16.8,23,3,160,7,0.358858858858859,1.09192330051731
rat365,30,388,2,109,14.96,1.5,3.48, ,2.08,0.58,4,1,17.1,23.5,3,145,7,0.280927835051546,1.12492959698548
rat366,251,284,1,110,15,1.2,2.8,1,8.5,0.27,1,3,16.5,21.5,1, ,3,0.387323943661972,2.2512917986065
rat367,17,243.3,1,100,15,1.1,2.6,4,0,0.531,1,3,15,21,2, ,3,0.41101520756268,0
rat370,261,210,1,80.6,15,0.74,4,3,0.912,0.242,1,1,17,20,9, ,2,0.383809523809524,0.64814981462921
rat371,261,353,2,91.4,15,1.33,5.48, ,1.7,0.826,1,1,18.5,23.5,9, ,2,0.258923512747875,0.993251773010283
rat372,261,240,1,93,15,0.94,2.52,1,2.51,0.59,1,1,16.5,21,9, ,2,0.3875,1.25561603747777
rat373,261,289,1,116,15,0.99,5.41,3,0.952,0.495,1,1,16.5,22.5,9, ,2,0.401384083044983,0.668854487990901
rat374,261,311,1,157,15,1.15,4.89,4,2.02,0.643,1,1,17.5,22,9, ,2,0.504823151125402,1.10525683138678
rat375,135,201,1,65.5,15.02,0.91,2.97,3,0.39,0.228,1,1,14.5,19.5,3,158,8,0.325870646766169,0.3293037471426
rat376,127,268,2,77.5,15.02,1.12,2.74, ,3.17,0.461,1,1,16,20,3,149,7,0.289179104477612,1.42791603581071
rat377,94,254,2,95.5,15.12,1.3,1.95, ,1.79,0.468,1,1,16.1,19.5,3,135,7,0.375984251968504,1.02604159583327
rat378,248,284,2,102.5,15.12,1.13,4.37, ,1.94,0.361,1,1,17.2,20.5,3,138,7,0.360915492957747,1.07840958135059
rat379,244,223,1,84.5,15.21,0.83,2.84,1,3.46,0.297,1,1,16.6,19,3,134,8,0.378923766816143,1.49514876603197
rat380,135,446,2,108,15.24,1.8,4.73, ,2.39,0.394,1,1,17.5,23,3,148,8,0.242152466367713,1.22082992139236
rat381,250,305,1,120,15.3,1.5,2.6,1,4.5,0.255,2,3,17,23,1, ,3,0.39344262295082,1.70474809223843
rat382,148,273,1,103.5,15.32,1.19,5.07,4,0.89,0.3,1,1,17,22,3,157,8,0.379120879120879,0.636576829071551
rat383,64,315,2,84,15.37,1.26,3, ,2.93,0.586,1,1,16.2,21.5,3,151,7,0.266666666666667,1.36863942588117
rat384,169,250,1,122,15.39,0.97,3.87,4,0,0.277,1,1,16.4,22.5,3,162,7,0.488,0
rat385,127,347,2,91,15.46,1.49,4.41, ,1.95,0.418,1,1,14.5,22.5,3,145,7,0.262247838616715,1.08180517035173
rat386,0,385,1,104,15.47,1.09,5.78,4,12.54,0.393,1,4,18.3,22,8,140, ,0.27012987012987,2.60564826748413
rat387,166,298,1,110,15.5,1.1,2.6,1,2.7,0.227,1,3,17,22.5,1, ,3,0.369127516778524,1.30833281965018
rat388,17,237.6,1,95,15.5,1.1,3,4,0,0.483,1,3,15.5,21.5,2, ,3,0.39983164983165,0
rat389,127,264,1,148,15.54,1.08,2.83,3,1.32,0.342,1,1,15.5,21.5,3,162,7,0.560606060606061,0.841567185678219
rat390,64,439,2,101,15.68,1.96,4.22, ,4.07,0.559,1,1,19.2,24,3,175,7,0.230068337129841,1.62334081760309
rat391,101,394.4,2,134,15.7,2,4.1, ,1.5,0.198,4,3,11.5,23,2, ,5,0.339756592292089,0.916290731874155
rat392,230,315,1,127.5,15.73,1.07,3.19,3,2.85,0.246,1,1,16.5,21.5,3,148,8,0.404761904761905,1.34807314829969
rat393,162,334,1,119.5,15.86,1.32,4.2,2,0,0.354,1,1,17.8,22.5,3,163,8,0.357784431137725,0
rat394,221,305,2,104.5,15.87,1.21,3.85, ,1.23,0.322,1,1,18,22,3,137,7,0.342622950819672,0.802001585472027
rat395,64,304,2,80,15.88,1.39,3.65, ,2.51,0.635,2,1,16.5,22,3,146,7,0.263157894736842,1.25561603747777
rat396,162,252,1,82,15.89,1.12,2.02,3,1.04,0.354,1,1,16.3,21.5,3,159,8,0.325396825396825,0.712949807856125
rat397,258,232,1,81.5,15.96,0.77,3.88,2,0,0.165,1,1,16.2,18.5,3,161,8,0.351293103448276,0
rat398,67,308.3,1,111.5,16,1.3,2.6,4,0,0.496,4,3,16,21.5,2, ,5,0.361660720077846,0
rat399,177,319,2,74,16,1.25,4.96, ,1.93,0.401,1,1,16.1,22,3,139,8,0.231974921630094,1.07500242302898
rat400,261,273,1,99,16,0.96,6.22,3,3.26,0.91,1,1,16.5,23,9, ,2,0.362637362637363,1.44926916028128
rat401,261,339,1,127,16,1.32,5.21,2,1.54,0.717,1,1,18.5,23,9, ,2,0.374631268436578,0.932164081030445
rat402,261,315,1,161,16,1.11,6.83,1,3.92,0.86,1,1,18,24,9, ,2,0.511111111111111,1.59330853050422
rat403,262,280,2,104,16.01,0.88,2.74, ,2.89,0.33,1,1,16.8,22,3,140,8,0.371428571428571,1.35840915763036
rat404,244,377,1,124.5,16.03,1.56,3.51,4,3.71,0.289,2,1,16.5,23,3,161,8,0.330238726790451,1.54968790802833
rat405,244,317,1,87,16.05,1.02,1.55,3,2.91,0.193,1,1,17,21,3,140,8,0.274447949526814,1.36353737399727
rat406,167,226,1,40,16.1,0.91,3.6,3,3.1,0.61,1,1,15.5,21.5,1, ,3,0.176991150442478,1.41098697371026
rat407,162,372,1,117,16.12,1.31,4.17,2,0,0.255,1,3,19.8,25,3,173,8,0.314516129032258,0
rat408,217,321,1,108.5,16.16,0.94,4.57,2,0.73,0.152,1,1,17.4,22,3,170,8,0.338006230529595,0.548121408509688
rat409,148,391,2,128,16.19,1.51,6.94, ,3.84,0.479,1,1,17.8,22.5,3,162,8,0.327365728900256,1.57691472072854
rat410,135,275,1,107.5,16.23,1.06,2.97,4,7.31,0.418,1,1,16.8,22,3,140,8,0.390909090909091,2.11745960886736
rat411,258,278,1,120,16.23,1,4.28,3,0.16,0.267,1,1,17.8,22,3,158,8,0.431654676258993,0.148420005118273
rat412,127,229,1,135.5,16.27,0.69,1.98,1,0.6,0.397,4,1,14.2,18,3,160,7,0.591703056768559,0.470003629245736
rat413,244,357,1,103,16.35,1.15,2.49,3,5.57,0.587,1,3,17,22,3,142,8,0.288515406162465,1.88251383249652
rat414,48,254.9,1,125,16.4,1.1,1.9,1,0,0.438,4,3,16,25,2, ,5,0.490388387602982,0
rat415,172,329.3,1,170,16.4,1.9,2.6,4,0,0.222,4,3,17.2,25.2,2, ,5,0.516246583662314,0
rat416,64,366,2,77.5,16.45,1.5,4.08, ,3.75,0.639,1,1,17,22,3,144,7,0.211748633879781,1.55814461804655
rat417,244,278,1,131,16.48,0.92,2.08,3,4.8,0.306,1,1,16,20,3,152,8,0.471223021582734,1.75785791755237
rat418,64,320,2,75.5,16.55,1.13,4.35, ,1.64,0.56,1,1,18.2,24,3,148,7,0.2359375,0.970778917158225
rat419,169,296,1,130,16.58,1.4,4.9,2,0.14,0.41,2,1,18,22,3,163,7,0.439189189189189,0.131028262406404
rat420,64,278,1,102.5,16.6,1.25,5.03,1,1.74,0.426,1,1,16.1,21,3,153,7,0.368705035971223,1.00795792039998
rat421,262,314,2,95.5,16.81,1.23,2.91, ,1.39,0.302,1,1,16.5,23.5,3,147,8,0.304140127388535,0.871293365943419
rat422,251,280,1,140,16.9,1.3,2.7,1,0.001,0.11,1,3,18,21.5,1, ,3,0.5,0.000999500333083
rat423,48,400.8,2,147,16.9,1.7,3.1, ,2.7,0.375,3,3,18.5,26.5,2, ,5,0.366766467065868,1.30833281965018
rat424,16,291.8,1,186.5,16.9,1.5,3.7,1,0,0.34,2,3,17,24,2, ,3,0.639136394790953,0
rat425,94,301,2,87,16.9,1.27,3.18, ,1.85,0.545,1,1,16,21,3,126,7,0.289036544850498,1.04731899428056
rat426,244,278,1,105.5,16.9,0.85,2.73,3,3.04,0.223,1,1,15.8,20,3,150,8,0.379496402877698,1.39624469197306
rat427,135,352,2,80.5,16.93,1.16,3.01, ,2.71,0.568,2,1,17.5,23,3,145,8,0.228693181818182,1.31103187661934
rat428,167,367,2,50,17,1.4,4.4, ,6.2,0.43,4,1,18.5,24,1, ,3,0.136239782016349,1.97408102602201
rat429,68,317,2,94.5,17,1,3, ,0,0.339,3,1,17,23,1, ,4,0.298107255520505,0
rat430,261,273,1,113.7,17,1.35,2.8,3,0.7,0.375,1,1,18.5,22.5,9, ,2,0.416483516483517,0.53062825106217
rat431,261,379,1,131,17,1.25,5.82,1,5.59,0.651,1,1,18,23,9, ,2,0.345646437994723,1.88555334851442
rat432,261,274,1,145,17,0.87,5.47,1,0.52,0.36,2,1,17,22,9, ,2,0.529197080291971,0.418710334858185
rat433,261,375,1,146,17,1.6,9.55,1,2.24,0.715,1,1,19,25,9, ,2,0.389333333333333,1.17557332980424
rat434,258,55,1,11.8,17.01,0.9,4.16,4,0.25,0.178,1,1,17,20.5,3,173,8,0.214545454545455,0.22314355131421
rat435,64,280,1,108,17.01,1.3,3.33,1,1.61,0.587,1,1,16.8,21,3,152,7,0.385714285714286,0.959350221334602
rat436,94,236,1,83.5,17.04,0.97,3.02,1,1.97,0.424,1,1,14.9,20.5,3,147,7,0.353813559322034,1.08856195281461
rat437,30,368,2,110.5,17.1,1.42,3.55, ,2.95,0.47,1,1,17.8,23,3,145,7,0.300271739130435,1.37371557891303
rat438,162,338,1,149,17.19,1.41,4.45,3,1.63,0.43,1,1,18.4,23,3,180,8,0.440828402366864,0.966983846189673
rat439,30,317,1,114.5,17.2,1.04,3.56,3,3.02,0.67,2,1,17.7,22.5,3,141,7,0.361198738170347,1.39128190263093
rat440,169,241,1,107,17.25,1.31,1.89,1,0.72,0.446,1,1,17,21,3,147,7,0.443983402489627,0.542324290825362
rat441,196,447,2,111.5,17.25,1.93,4.41, ,2.96,0.297,1,3,18,24,3,153,8,0.249440715883669,1.37624402526639
rat442,217,234,1,117,17.29,0.85,3.47,4,1.53,0.232,1,1,17,18.5,3,156,8,0.5,0.928219302739429
rat443,250,254,1,180,17.3,1,2,1,0.6,0.26,3,3,15,22.5,1, ,3,0.708661417322835,0.470003629245736
rat444,148,321,1,138,17.32,1.39,4.75,3,0.73,0.485,1,1,15.7,20,3,150,8,0.429906542056075,0.548121408509688
rat445,262,334,2,95,17.49,1.33,4.48, ,1.96,0.313,1,1,17.4,22,3,161,8,0.284431137724551,1.08518926833597
rat446,94,307,1,169.5,17.49,1.43,3.72,3,0,0.285,2,1,18.3,21.2,3,145,7,0.552117263843648,0
rat447,70,327,1,130,17.5,1.5,5.3,1,2.6,0.603,1,1,16.8,22,3,138,9,0.397553516819572,1.28093384546206
rat448,12,393.5,2,108,17.8,1.8,4.6, ,4.5,0.629,1,3,15,24.5,2, ,3,0.274459974587039,1.70474809223843
rat449,352,402,2,117.5,17.8,1.8,4.3, ,3,0.52,1,1,16.9,23,3,152,7,0.29228855721393,1.38629436111989
rat450,169,332,2,93,17.9,1.3,3.24, ,1.45,0.389,1,1,14,22.5,3,146,7,0.280120481927711,0.896088024556636
rat451,217,312,1,125,17.9,1.34,2.3,4,1.23,0.226,1,3,17.8,21.5,3,169,8,0.400641025641026,0.802001585472027
rat452,269,342.8,1,146.5,18,1.4,1.9,3,1.7,0.18,4,1,17.3,23,3,193.7,6,0.427362893815636,0.993251773010283
rat453,64,316,1,148,18.03,1.31,2.91,1,3.52,0.524,1,1,17.2,21,3,160,7,0.468354430379747,1.50851199384414
rat454,30,326,1,129,18.1,1.45,3.36,4,3.49,0.93,1,1,18.5,21.5,3,149,7,0.395705521472393,1.50185270175416
rat455,64,306,2,130,18.12,1.53,3.21, ,1.11,0.574,1,1,17.5,21,3,141,7,0.42483660130719,0.746687947487975
rat456,64,500,2,91.5,18.17,1.93,4.14, ,5.44,0.796,1,1,17.6,24,3,164,7,0.183,1.86252854011626
rat457,148,341,1,176,18.25,1.32,4.84,1,0.21,0.334,1,1,17.8,20,3,178,8,0.516129032258065,0.19062035960865
rat458,162,379,1,143,18.26,1.66,5.1,1,3.17,0.614,1,1,17,23.5,3,182,8,0.377308707124011,1.42791603581071
rat459,75,250,2,43.7, , , , ,1.73,0.228,1,1,16.2,20,4, , ,0.1748,1.00430160919687
rat460,75,276,2,45.7, , , , ,3.56,0.468,1,1,16.3,20.2,4, , ,0.165579710144928,1.51732262352629
rat461,70,343,2,83,18.3,1.8,6, ,3.3,0.73,1,1,17.4,23,3,146,9,0.24198250728863,1.45861502269952
rat462,177,278,1,93.5,18.37,1.13,4.15,2,1.58,0.432,1,1,16.5,20,3,163,8,0.336330935251799,0.947789398933526
rat463,177,391,1,123.5,18.43,1.45,3.69,3,4.36,0.561,1,1,16.6,22,3,161,8,0.315856777493606,1.67896397508271
rat464,64,426,2,141,18.46,1.84,3.92, ,3.63,0.564,1,1,17.9,24,3,157,7,0.330985915492958,1.53255686809814
rat465,244,268,1,102.5,18.55,0.87,4.41,3,2.9,0.247,1,1,15.9,20.5,3,151,8,0.382462686567164,1.3609765531356
rat466,230,324,1,77,18.69,0.98,3.28,3,3.57,0.264,1,1,16.8,21,3,141,8,0.237654320987654,1.51951320490611
rat467,248,258,1,131,18.71,1.09,3.36,2,1.71,0.162,1,1,17,20.5,3,154,7,0.507751937984496,0.99694863489161
rat468,162,421,1,165.5,18.73,1.53,5.76,3,3.76,0.677,1,1,19,26,3,208,8,0.393111638954869,1.56024766824333
rat469,59,351.5,2,92,18.8,1.2,5.4, ,4.2,0.435,2,3,16.5,23,2, ,5,0.261735419630156,1.64865862558738
rat470,269,367.8,1,127,18.8,1.3,4.1,3,1.9,0.109,1,1,17,22,3,182,6,0.345296356715606,1.06471073699243
rat471,169,328,1,145.5,18.84,1.13,5.24,3,0,0.243,1,1,17.1,22.5,3,182,7,0.44359756097561,0
rat472,352,475,2,139,18.9,2.1,5.5, ,2.7,0.485,1,1,16.4,23,3,178,7,0.292631578947368,1.30833281965018
rat473,101,287.5,1,156,19,1.2,4.6,4,0,0.53,2,3,16,21,2, ,5,0.542608695652174,0
rat474,240,270,1,105.5,19,0.85,2.26,1,1.99,0.331,1,1,15.8,20.5,3,153,7,0.390740740740741,1.0952733874026
rat475,261,382,2,109.1,19,1.32,7, ,1.96,0.287,1,1,18.5,24,9, ,2,0.285602094240838,1.08518926833597
rat476,64,333,1,110,19.03,1.24,3.03,1,4.14,0.509,1,1,18.8,21,3,158,7,0.33033033033033,1.63705307946707
rat477,135,378,2,86,19.05,1.59,6.22, ,1.88,0.479,2,1,19,22.5,3,156,8,0.227513227513228,1.05779029414785
rat478,244,309,1,157,19.05,1.15,3.91,4,0.77,0.239,1,1,17.5,23,3,165,8,0.508090614886731,0.570979546585738
rat479,94,264,1,120,19.07,0.97,4.48,3,1.68,0.477,1,1,17.3,19.5,3,156,7,0.454545454545455,0.985816794522765
rat480,240,251,1,85.5,19.19,0.96,4.96,2,0,0.171,1,1,17.8,21.5,3,167,7,0.340637450199203,0
rat481,221,278,1,135,19.19,1.12,5.88,1,0,0.113,1,1,16.5,21.2,3,175,7,0.485611510791367,0
rat482,19,399.9,2,126.3,19.3,1.6,5.7, ,1.8,0.476,1,3,17.5,24,2, ,3,0.31582895723931,1.02961941718116
rat483,217,393,1,146.5,19.33,1.64,4.71,1,3.35,0.489,2,1,17,22,3,168,8,0.372773536895674,1.47017584510059
rat484,352,272,1,103.5,19.4,1.3,5.9,2,0.5,0.287,1,1,14.6,20,3,166,7,0.380514705882353,0.405465108108164
rat485,79,263,2,97.9, , , , ,1.7,1.118,1,1,15.5,20,5, , ,0.372243346007605,0.993251773010283
rat486,79,273,2,100, , , , ,1.73,0.741,1,1,15.6,21.5,5, , ,0.366300366300366,1.00430160919687
rat487,64,408,2,137,19.46,2.11,3.54, ,2.96,0.538,1,1,18,24,3,181,7,0.33578431372549,1.37624402526639
rat488,90,380.1,1,200,19.5,1.5,3.2,1,0,0.511,3,3,17.5,21,2, ,5,0.526177321757432,0
rat489,322,291,1,149.5,19.56,1.23,6.94,2,0,0.283,1,1,17.5,22.5,3,193,8,0.513745704467354,0
rat490,167,354,1,160,19.6,1.6,3.2,2,4.8,0.38,2,3,18,24,1, ,3,0.451977401129944,1.75785791755237
rat491,322,299,1,182,19.64,1.35,4.14,2,0,0.155,2,1,17.4,21,3,188,8,0.608695652173913,0
rat492,261,386,1,162,19.7,1.58,4.57,4,4.82,0.65,1,1,20.5,23,9, ,2,0.419689119170984,1.76130026174335
rat493,169,289,1,140,19.71,1,3.47,3,1.62,0.603,1,1,16.2,20.5,3,145,7,0.484429065743945,0.963174317773006
rat494,167,317,1,120,19.8,1.5,3.6,3,2.5,0.23,1,3,14.5,22,1, ,3,0.378548895899054,1.25276296849537
rat495,82,376.6,2,122.3,19.9,1.3,5, ,0,0.308,1,3,17,23,2, ,5,0.324747742963356,0
rat496,217,244,1,122,20.04,0.83,5.47,1,0.99,0.226,1,1,15.5,20.5,3,160,8,0.5,0.688134638736401
rat497,244,270,1,124.5,20.09,1.19,5.54,4,1.65,0.536,1,1,16.4,21,3,160,8,0.461111111111111,0.974559639998131
rat498,90,403.9,2,119.1,20.1,2.1,6.4, ,0,0.367,2,3,13.5,22,2, ,5,0.294874969051745,0
rat499,127,300,1,146,20.13,1.03,4.1,3,3.42,0.279,4,1,17,21,3,164,7,0.486666666666667,1.48613969608961
rat500,230,333,1,124.5,20.26,1.41,5.77,4,0.61,0.165,1,1,17.2,22.5,3,198,8,0.373873873873874,0.476234178996372
rat501,135,372,2,113.5,20.41,1.54,3.8, ,0,0.586,1,1,15.3,23,3,157,8,0.30510752688172,0
rat502,177,355,1,115.5,20.58,1.45,4.2,3,1.98,0.24,1,1,16.6,22.5,3,171,8,0.325352112676056,1.09192330051731
rat503,127,351,1,226.5,20.67,1.31,3.59,3,2.99,0.546,2,1,16.3,21,3,189,7,0.645299145299145,1.38379123090177
rat504,162,303,1,149,20.78,1.14,5.16,3,1.36,0.333,1,1,17.1,22,3,166,8,0.491749174917492,0.858661619037519
rat505,269,289.5,1,116.5,20.9,1,4.3,3,1.1,0.144,1,1,17.2,18.5,3,161,6,0.402417962003454,0.741937344729377
rat506,135,367,2,111.5,20.92,1.59,4.67, ,1.81,0.569,1,1,17.8,23,3,154,8,0.303814713896458,1.03318448334565
rat507,196,398,1,139,20.93,1.77,7.09,3,0.83,0.6,1,1,17.9,23.5,3,186,8,0.349246231155779,0.60431596685333
rat508,269,318.9,1,117.5,21,1,4.1,3,1.8,0.339,1,1,16.6,21,3,151.2,6,0.368454060834117,1.02961941718116
rat509,258,447,1,175,21,2.02,9.71,4,5.59,0.564,1,1,17.8,24.5,3,214,8,0.391498881431767,1.88555334851442
rat510,135,361,1,189.5,21.28,1.35,4.83,3,3.44,0.615,3,1,16.3,23,3,177,8,0.524930747922438,1.49065437644413
rat511,64,345,1,145,21.3,1.09,3.98,1,2.14,0.452,1,1,17.3,21.5,3,152,7,0.420289855072464,1.14422279992016
rat512,230,332,1,136.5,21.34,1.16,4.24,4,4.7,0.549,1,1,17.7,21,3,162,8,0.411144578313253,1.7404661748405
rat513,135,344,1,114.5,21.46,1.33,3.17,3,6.51,0.571,1,1,17.2,22.5,3,173,8,0.332848837209302,2.01623546577604
rat514,162,380,1,194,21.47,1.89,6.25,3,1.61,0.675,1,1,19,23,3,196,8,0.510526315789474,0.959350221334602
rat515,230,358,1,97,21.54,1.5,3.6,3,3.4,0.545,1,1,17.5,22.5,3,164,8,0.270949720670391,1.48160454092422
rat516,177,420,1,157,21.55,1.72,6.51,2,2.21,0.463,2,1,18.8,24,3,196,8,0.373809523809524,1.16627093714192
rat517,127,259,1,145,21.6,1.06,8.83,4,0,0.316,1,1,18,20.5,3,205,7,0.55984555984556,0
rat518,261,336,1,124,22,1.28,4.8,3,2.23,0.465,1,1,17.5,23,9, ,2,0.369047619047619,1.17248213723457
rat519,261,367,1,161,22,1.35,6.14,2,1.34,0.636,5,1,18,24,9, ,2,0.438692098092643,0.85015092936961
rat520,135,349,1,181.5,22.03,1.56,5.06, ,2.93,0.353,2,1,17.8,23,3,182,8,0.520057306590258,1.36863942588117
rat521,0,306,1,136,22.13,1.18,7.37,4,3.62,0.45,1,4,17.9,20,7,142, ,0.444444444444444,1.53039470509365
rat522,166,338,1,130,22.2,1.5,3.6,1,3.4,0.6,3,1,17.2,24,1, ,3,0.384615384615385,1.48160454092422
rat523,177,370,1,149,22.26,1.4,7.24,3,0.216,0.252,1,3,17.2,23,3,174.5,8,0.402702702702703,0.195566783543975
rat524,135,462,1,141,22.44,1.85,4.73,2,1.63,0.418,3,1,18,23,3,209,8,0.305194805194805,0.966983846189673
rat525,230,286,1,89.5,22.64,0.77,2.5,1,3,0.38,1,1,16.4,21,3,140,8,0.312937062937063,1.38629436111989
rat526,244,287,1,112,22.7,0.97,4.45,2,2.08,0.32,1,1,15.8,21,3,158,8,0.390243902439024,1.12492959698548
rat527,230,419,1,189,22.74,1.5,4.38,2,2.31,0.622,1,1,18.2,23.5,3,188,8,0.451073985680191,1.19694818938897
rat528,196,359,1,142.5,22.77,1.17,6.64,2,0,0.175,1,1,17,20.5,3,176,8,0.396935933147632,0
rat529,135,299,1,147,22.79,1.08,3.13,3,1.87,0.364,1,1,16.6,21.5,3,164,8,0.491638795986622,1.05431202977153
rat530,94,405,2,106.5,22.88,1.84,4.32, ,1.99,0.642,1,1,16.9,22,3,161,7,0.262962962962963,1.0952733874026
rat531,244,313,1,122,22.92,1.22,5.92,3,0.94,0.264,1,1,17,22.5,3,167,8,0.389776357827476,0.662687973075237
rat532,127,376,2,76,22.97,1.56,2.63, ,2.37,0.466,1,1,17.5,23.5,3,151,7,0.202127659574468,1.21491274436427
rat533,261,302,1,122.8,23,1.24,5.18,2,0.2,0.278,2,1,18,23,9, ,2,0.406622516556291,0.182321556793955
rat534,196,298,1,110,23.09,1.2,5.98,2,0.95,0.296,1,1,16.5,20.5,3,182,8,0.369127516778524,0.667829372575655
rat535,135,254,1,117.5,23.14,1.19,3.15,2,0,0.283,1,1,15,20.5,3,202,8,0.46259842519685,0
rat536,177,342,1,120,23.17,1.16,5.19,4,2.2,0.399,1,1,18.2,21,3,174,8,0.350877192982456,1.16315080980568
rat537,148,311,1,160,23.39,1.33,5.21,4,1.39,0.202,1,1,16,24,3,178,8,0.514469453376206,0.871293365943419
rat538,169,275,1,157.5,23.48,1.11,6.2,2,0,0.308,2,1,16,21,3,190,7,0.572727272727273,0
rat539,162,368,1,150,23.5,1.6,5.35,2,0.67,0.25,1,1,18.5,24,3,171,8,0.407608695652174,0.512823626428664
rat540,177,335,1,104,23.65,1.2,6.17,3,0.7,0.379,2,1,18.5,23,3,174,8,0.31044776119403,0.53062825106217
rat541,196,315,1,119.5,23.66,1.46,6.66,2,0.24,0.198,1,3,16,21,3,171,8,0.379365079365079,0.215111379616945
rat542,269,264.6,1,117,23.7,1.1,4.6,3,0.3,0.226,1,1,17,20.5,3,165,6,0.442176870748299,0.262364264467491
rat543,127,384,1,211.5,23.7,1.36,3.78,3,4.57,0.32,1,1,17.4,22.5,3,163,7,0.55078125,1.71739505393919
rat544,217,383,1,130,23.87,1.49,5.86,2,0.76,0.47,1,1,19,21.5,3,197,8,0.339425587467363,0.56531380905006
rat545,162,284,1,141.5,23.92,1.13,4.21,2,1.74,0.266,1,1,17,21.5,3,155,8,0.498239436619718,1.00795792039998
rat546,169,340,1,160,23.98,1.4,4.67,3,1.12,0.522,1,1,16.5,21.5,3,183,7,0.470588235294118,0.751416088683921
rat547,262,326,1,130,24.17,1.14,2.43,3,2.3,0.398,1,1,16.7,21.5,3,155,8,0.398773006134969,1.19392246847243
rat548,276,455,2,112,24.61,1.74,5.23, ,3.08,0.463,1,1,18.8,24.5,3,160,7,0.246153846153846,1.40609698841607
rat549,244,325,1,108.5,24.69,1.14,4.4,3,1.29,0.25,1,1,17.1,21,3,168,8,0.333846153846154,0.828551817566148
rat550,64,335,1,147,24.7,1.29,6.7,4,2.25,0.444,1,1,17.6,23,3,182,7,0.438805970149254,1.17865499634165
rat551,276,370,1,177,24.73,1.23,12.91,2,0,0.188,1,1,18.3,23.5,3,198,7,0.478378378378378,0
rat552,230,356,1,166,25.22,1.47,7.01,2,4.4,0.569,1,1,18.5,23.5,3,193,8,0.466292134831461,1.68639895357023
rat553,135,340,1,148.5,25.35,1.29,5.48,2,0.88,0.356,1,1,16,22,3,168,8,0.436764705882353,0.631271776841858
rat554,162,316,1,105,25.57,1.32,5.49,2,0,0.393,1,1,15.4,22,3,190,8,0.332278481012658,0
rat555,148,308,1,96,25.63,1.2,7.56,3,0.6,0.147,1,1,17,21,3,172,8,0.311688311688312,0.470003629245736
rat556,162,383,1,156.5,25.83,1.64,5.8,3,2.1,0.101,2,1,16.5,23,3,186,8,0.408616187989556,1.1314021114911
rat557,94,348,1,193,25.99,1.41,3.84,1,6.91,0.522,2,1,16.5,21.5,3,172,7,0.554597701149425,2.06812778177956
rat558,166,373,1,144,26,1.3,1.1,2,3.7,0.26,1,1,19,24.5,1, ,3,0.386058981233244,1.54756250871601
rat559,94,377,1,181.5,26.42,1.73,5.43,1,4.12,0.5,2,1,17,21.5,3,167,7,0.481432360742706,1.63315443905142
rat560,162,444,1,118,26.44,1.93,6.9,2,0.38,0.376,1,1,19.5,24.5,3,178,8,0.265765765765766,0.322083499169113
rat561,169,367,1,154,26.56,1.41,5.61,2,0.87,0.5,1,1,14,21.5,3,183,7,0.419618528610354,0.625938430866495
rat562,127,404,1,162.5,26.89,1.74,2.89,3,3.75,0.613,1,1,19,24,3,180,7,0.402227722772277,1.55814461804655
rat563,135,388,1,183,27.37,1.77,7.66,3,4.52,0.613,2,1,18,21,3,186,8,0.471649484536082,1.708377860289
rat564,169,345,1,155,27.44,1.52,5.64,2,0,0.47,1,1,18.1,22,3,198,7,0.449275362318841,0
rat565,339,358,1,146.8,27.53,1.64,3.96,2,0.83,0.254,1,1,18.2,22.2,3,179,6,0.410055865921788,0.60431596685333
rat566,177,387,1,190,27.56,1.27,4.19,3,2.14,0.524,1,1,18,24,3,184,8,0.490956072351421,1.14422279992016
rat567,162,368,1,184,27.72,1.33,8.81,2,0,0.767,1,1,18.3,23,3,192,8,0.5,0
rat568,177,385,1,179,27.73,1.5,8.77,3,0.54,0.228,1,1,17,25,3,201,8,0.464935064935065,0.431782416425538
rat569,179,435.9,1,280,28.2,1.9,9,4,0,0.3,1,3,17.1,21.8,2, ,5,0.642349162651984,0
rat570,177,384,1,148.5,28.5,1.43,4.02,2,1.12,0.574,1,1,18.4,23,3,198,8,0.38671875,0.751416088683921
rat571,177,388,1,157.5,28.51,1.35,5.65,2,2.34,0.522,1,1,19.4,24,3,174,8,0.405927835051546,1.20597080698861
rat572,81,453,1,211,28.6,1.6,5.8,1,0,0.695,4,3,19.5,22.5,2, ,5,0.465783664459161,0
rat573,276,358,1,201,28.8,1.59,5.93,3,0,0.221,2,1,17,22.5,3,185,7,0.56145251396648,0
rat574,127,442,1,164.5,29.94,1.55,5.99,3,4.71,1.15,1,1,19.8,24.5,3,182,7,0.372171945701357,1.74221902366792
rat575,269,381.8,1,145.5,30,1.4,5.6,4,1.9,0.395,1,1,17.1,22,3,177,6,0.381089575694081,1.06471073699243
rat576,169,416,1,195.5,32.99,1.63,6.14,1,1.7,0.556,1,1,17.5,23,3,196,7,0.469951923076923,0.993251773010283
rat577,244,476,1,181,38.41,2.04,4.19,2,3.54,0.758,1,1,17.5,24.5,3,191,8,0.380252100840336,1.51292701205326
rat578,230,459,1,237.5,39.13,1.69,7.41,2,0.5,0.559,1,1,20,24.5,3,226,8,0.517429193899782,0.405465108108164
rat579,75,299,2,50.8, , , , ,2.51,0.337,1,1,17.5,21.3,4, , ,0.169899665551839,1.25561603747777
rat580,79,290,2,96.8, , , , ,2.02,0.97,1,1,16.1,21.3,5, , ,0.333793103448276,1.10525683138678
